{
  "title": "Arabic Language Fix",
  "buttons": [
    {
      "text": "1.21.4x Latest",
      "link": "https://www.mediafire.com/file/6brxr6p7pue7k8e/1.21.40%252B_Ar_Lang_Fix.mcaddon/file",
      "color": "green-button"
    },
    {
      "text": "1.21.3x",
      "link": "https://www.mediafire.com/file/c5wccz22jmsl9uu/1.21.30_Ar_Lang_Fix.mcaddon/file",
      "color": "gray-button"
    },
    {
      "text": "1.21.2x",
      "link": "https://www.mediafire.com/file/pzzuu6e5vkw5a57/1.21.20_Ar_Lang_Fix.mcaddon/file",
      "color": "gray-button"
    },
    {
      "text": "1.21",
      "link": "https://www.mediafire.com/file/vlnkfiww8buqusb/1.21_Ar_Lang_Fix_pack_v1.4.mcaddon/file",
      "color": "gray-button"
    },
    {
      "text": "1.20.8x",
      "link": "https://www.mediafire.com/file/vxwg7svomql8tjo/1.20.8x_Ar_Lang_Fix_pack_v1.4.mcaddon/file",
      "color": "gray-button"
    },
    {
      "text": "1.20.7x",
      "link": "https://www.mediafire.com/file/zrloa4nzm3gahrq/1.20.70_Ar_Lang_Fix_pack_v1.4.mcaddon/file",
      "color": "gray-button"
    },
    {
      "text": "1.20.6x",
      "link": "https://www.mediafire.com/file/1xsh7r1to9wnepm/1.20.60_Ar_Lang_Fix_pack_v1.4.mcaddon/file",
      "color": "gray-button"
    },
    {
      "text": "1.20.5x",
      "link": "https://www.mediafire.com/file/20dugdfmt219kxa/1.20.50_Ar_Lang_Fix_pack_v1.4.mcaddon/file",
      "color": "gray-button"
    },
    {
      "text": "1.20.4x",
      "link": "https://www.mediafire.com/file/dqf4gzab8ujdz1p/1.20.40_Ar_Lang_Fix_pack_v1.4.mcaddon/file",
      "color": "gray-button"
    },
    {
      "text": "1.20.3x",
      "link": "https://www.mediafire.com/file/0n54kmjkh9guf7r/1.20.30_Ar_Lang_Fix_pack_v1.4.mcaddon/file",
      "color": "gray-button"
    },
    {
      "text": "1.20.1x",
      "link": "https://www.mediafire.com/file/51c7e6hvwrcq24f/1.20.10_Ar_Lang_Fix_pack_v1.4.mcaddon/file",
      "color": "gray-button"
    },
    {
      "text": "1.20",
      "link": "https://www.mediafire.com/file/sn786rh93yhtxbb/1.20_Ar_Lang_Fix_pack_v1.4.mcaddon/file",
      "color": "gray-button"
    }
  ],
  "generated-code": false
}
